"Id","Success","Created","Error"
"a05a50000045yFlAAI","true","true",""
"a05a50000045yFmAAI","true","true",""
"a05a50000045yFnAAI","true","true",""
"a05a50000045yFoAAI","true","true",""
"a05a50000045yFpAAI","true","true",""
"a05a50000045yFqAAI","true","true",""
"a05a50000045yFrAAI","true","true",""
"a05a50000045yFsAAI","true","true",""
"a05a50000045yFtAAI","true","true",""
"a05a50000045yFuAAI","true","true",""
"a05a50000045yFvAAI","true","true",""
"a05a50000045yFwAAI","true","true",""
"a05a50000045yFxAAI","true","true",""
"a05a50000045yFyAAI","true","true",""
"a05a50000045yFzAAI","true","true",""
"a05a50000045yG0AAI","true","true",""
"a05a50000045yG1AAI","true","true",""
"a05a50000045yG2AAI","true","true",""
"a05a50000045yG3AAI","true","true",""
"a05a50000045yG4AAI","true","true",""
"a05a50000045yG5AAI","true","true",""
"a05a50000045yG6AAI","true","true",""
